﻿Designator,Quantity,Value,Footprint,Package,MPN,DNP,Mount_Type,Description,DigiKey part #,MP,MF,MAXIMUM_PACKAGE_HEIGHT,PARTREV,STANDARD,MANUFACTURER,PRICE,Sim.Pins,Description_1,Price,Availability,Purchase-URL
ANT1,1,~,ANTENNA_M620720_KYO,,,,smt,Antenna,478-M620720TR-ND,M620720,KYOCERA AVX,,,,,,,,,,
B1,1,digital 5,SW_PTS645SK43SMTR92LFS,,,,smt,SWITCH TACTILE SPST-NO 0.05A 12V,SW400-ND,PTS645SK43SMTR92 LFS,CnK,4.4 mm,14 Apr 22,Manufacturer Recommendations,CnK,,,,,,
B2,1,digital 6,SW_PTS645SK43SMTR92LFS,,,,smt,SWITCH TACTILE SPST-NO 0.05A 12V,SW400-ND,PTS645SK43SMTR92 LFS,CnK,4.4 mm,14 Apr 22,Manufacturer Recommendations,CnK,,,,,,
B3,1,B3U-1000P,BUTTON_SW_B3U-1000P,,,,smt,Tactile Switch SPST-NO Top Actuated Surface Mount,SW1020TR-ND,B3U-1000P,Omron,,,,,None,,,,,
BAT1,1,CR2032,BAT_BK-912,,,,smt,Single-cell battery,BK-912-ND,BK-912-ND,MPD (Memory Protection Devices),4.32mm,,Manufacturer recommendations,MPD,,,,,,
"C1, C2",2,0.1uF,C_0805_2012Metric,0603,,,smt,Unpolarized capacitor,,,,,,,,,,,,,
"C3, C4",2,10uF,C_0805_2012Metric,0805,,,smt,Unpolarized capacitor,,,,,,,,,,,,,
CPU1,1,ATmega328P-A,TQFP-32_7x7mm_P0.8mm,,,,smt,"20MHz, 32kB Flash, 2kB SRAM, 1kB EEPROM, TQFP-32",ATMEGA328P-AURTR-ND,ATMEGA328P-AUR,Microchip,,,,,,,,,,
D1,1,LED,LED_0603_1608Metric,,,,smt,Light emitting diode,,,,,,,,,1=K 2=A,,,,
R1,1,10k,R_0603_1608Metric,0603,,,smt,"Resistor, US symbol",,,,,,,,,,,,,
R2,1,4.7k,R_0603_1608Metric,,,,smt,"Resistor, US symbol",,,,,,,,,,,,,
RADIO1,1,RFM69HCW-915MHz,RFM69HCW_SPK,,,,smt,General ISM < 1GHz Transceiver Module 915MHz Surface Mount,1568-13909-ND,RFM69HCW,Hoperf,,,,,,,,,,
Y1,1,8MHz,CSTNE8M00G550000R0,SMD-3 Murata,,,smt,"Three pin ceramic resonator, 8MHz",,CSTNE8M00G550000R0,Murata Electronics,,,,,,,8 MHz Ceramic Resonator Built in Capacitor 33 pF ±0.2% 40 Ohms -40°C ~ 85°C Surface Mount,None,In Stock,https://pricing.snapeda.com/search/part/CSTNE8M00G550000R0/?ref=eda
