﻿pos_x,pos_y,rotation,side,designator,mpn,pack,footprint,value,mount_type
54.1782,23.5712,180.0,bottom,ANT1,,,ANTENNA_M620720_KYO,~,smt
52.5272,16.2092,0.0,top,B1,,,SW_PTS645SK43SMTR92LFS,digital 5,smt
39.1922,16.2092,0.0,top,B2,,,SW_PTS645SK43SMTR92LFS,digital 6,smt
23.4442,22.8092,0.0,bottom,B3,,,BUTTON_SW_B3U-1000P,B3U-1000P,smt
15.1892,14.0462,180.0,top,BAT1,,,BAT_BK-912,CR2032,smt
8.9916,21.1074,90.0,bottom,C1,,0603,C_0805_2012Metric,0.1uF,smt
34.3662,24.4602,180.0,top,C2,,0603,C_0805_2012Metric,0.1uF,smt
26.4414,26.7208,180.0,bottom,C3,,0805,C_0805_2012Metric,10uF,smt
8.8138,16.5608,90.0,bottom,C4,,0805,C_0805_2012Metric,10uF,smt
16.4592,16.8402,180.0,bottom,CPU1,,,TQFP-32_7x7mm_P0.8mm,ATmega328P-A,smt
10.9728,25.8572,180.0,bottom,D1,,,LED_0603_1608Metric,LED,smt
36.5252,7.4422,90.0,top,ISP1,,,PinSocket_2x03_P2.54mm_Vertical,ISP,tht
16.3982,26.6192,180.0,bottom,R1,,0603,R_0603_1608Metric,10k,smt
7.9502,25.8318,180.0,bottom,R2,,,R_0603_1608Metric,4.7k,smt
37.4142,18.9992,90.0,bottom,RADIO1,,,RFM69HCW_SPK,RFM69HCW-915MHz,smt
25.6032,16.6262,-90.0,bottom,Y1,,SMD-3 Murata,CSTNE8M00G550000R0,8MHz,smt
